{
  "Era1": [
    {
      "title": "The Wheel",
      "description": "You tuck a card from your hand and splay your green stack left.",
      "value": 0,
      "dogmas": {
        "effect1": [
          "Tuck -1",
          "Splay Green,Left"
        ],
        "effect2": []
      },
      "dogmas_icon": "Castle",
      "icons": [
        "Pattern",
        "Castle",
        "Castle",
        "Castle"
      ],
      "color": "Green"
    },
    {
      "title": "Conquer*",
      "description": "You draw a card and score a hand card.",
      "value": 0,
      "dogmas": {
        "effect1": [
          "Draw 0"
        ],
        "effect2": [
          "Score -1"
        ]
      },
      "dogmas_icon": "Castle",
      "icons": [
        "Pattern",
        "Castle",
        "Lightbulb",
        "Castle"
      ],
      "color": "Blue"
    },
    {
      "title": "Archery",
      "description": "You can draw a card from Era 1 and transfer a card from the next player's hand to your hand.",
      "value": 0,
      "dogmas": {
        "effect1": [
          "Draw 0",
          "Transfer Other_hand=-1,Self_hand=-1"
        ],
        "effect2": []
      },
      "dogmas_icon": "Castle",
      "icons": [
        "Castle",
        "Lightbulb",
        "Pattern",
        "Castle"
      ],
      "color": "Red"
    },
    {
      "title": "Oars",
      "description": "You can transfer a card from next player's hand to your hand. Draw a card from Era 1 and return a card in your hand.",
      "value": 0,
      "dogmas": {
        "effect1": [
          "Transfer Self_hand=-1,Other_hand=-1",
          "Draw 0"
        ],
        "effect2": [
          "Draw 0"
        ]
      },
      "dogmas_icon": "Castle",
      "icons": [
        "Castle",
        "Crown",
        "Pattern",
        "Castle"
      ],
      "color": "Red"
    },
    {
      "title": "Agriculture",
      "description": "You can return a card from your hand, and then draw two card from Era 1.",
      "value": 0,
      "dogmas": {
        "effect1": [
          "Return -1",
          "Draw 0"
        ],
        "effect2": []
      },
      "dogmas_icon": "Leaf",
      "icons": [
        "Pattern",
        "Leaf",
        "Leaf",
        "Leaf"
      ],
      "color": "Yellow"
    },
    {
      "title": "Tools",
      "description": "You can draw a card from Era 1 and score card from your hand.",
      "value": 0,
      "dogmas": {
        "effect1": [
          "Draw 0",
          "Return -1"
        ],
        "effect2": []
      },
      "dogmas_icon": "Lightbulb",
      "icons": [
        "Pattern",
        "Lightbulb",
        "Lightbulb",
        "Castle"
      ],
      "color": "Blue"
    },
    {
      "title": "Bro code1*",
      "description": "You draw a card and score the first hand card.",
      "value": 0,
      "dogmas": {
        "effect1": [
          "Draw 0"
        ],
        "effect2": [
          "Score 0"
        ]
      },
      "dogmas_icon": "Castle",
      "icons": [
        "Pattern",
        "Castle",
        "Lightbulb",
        "Castle"
      ],
      "color": "Yellow"
    },
    {
      "title": "Masonry",
      "description": "You can draw a cards from Era 1 and transfer a card from your board to your hand.",
      "value": 0,
      "dogmas": {
        "effect1": [
          "Draw 0",
          "Draw 0"
        ],
        "effect2": []
      },
      "dogmas_icon": "Castle",
      "icons": [
        "Castle",
        "Pattern",
        "Castle",
        "Castle"
      ],
      "color": "Yellow"
    },
    {
      "title": "Mysticism",
      "description": "You can draw and meld a card from Era 1",
      "value": 0,
      "dogmas": {
        "effect1": [
          "Draw 0",
          "Meld 0"
        ],
        "effect2": []
      },
      "dogmas_icon": "Castle",
      "icons": [
        "Pattern",
        "Castle",
        "Castle",
        "Castle"
      ],
      "color": "Purple"
    },
    {
      "title": "Domestication",
      "description": "You can meld your first card and draw a card.",
      "value": 0,
      "dogmas": {
        "effect1": [
          "Meld 0",
          "Draw 0"
        ],
        "effect2": []
      },
      "dogmas_icon": "Castle",
      "icons": [
        "Castle",
        "Crown",
        "Pattern",
        "Castle"
      ],
      "color": "Yellow"
    },
    {
      "title": "Metalworking",
      "description": "You can draw a card from Era 2",
      "value": 0,
      "dogmas": {
        "effect1": [
          "Draw 0"
        ],
        "effect2": []
      },
      "dogmas_icon": "Castle",
      "icons": [
        "Castle",
        "Castle",
        "Pattern",
        "Castle"
      ],
      "color": "Red"
    },
    {
      "title": "Bro code2*",
      "description": "You draw a card and score the first hand card.",
      "value": 0,
      "dogmas": {
        "effect1": [
          "Draw 0"
        ],
        "effect2": [
          "Score 0"
        ]
      },
      "dogmas_icon": "Castle",
      "icons": [
        "Pattern",
        "Castle",
        "Lightbulb",
        "Castle"
      ],
      "color": "Green"
    },
    {
      "title": "Clothing",
      "description": "You can meld a card from your hand and then draw and score from Era 1.",
      "value": 0,
      "dogmas": {
        "effect1": [
          "Draw 0",
          "Meld 0"
        ],
        "effect2": []
      },
      "dogmas_icon": "Leaf",
      "icons": [
        "Pattern",
        "Crown",
        "Leaf",
        "Leaf"
      ],
      "color": "Green"
    },
    {
      "title": "Pottery",
      "description": "You can return a card from your hand and then draw a card from Era 2",
      "value": 0,
      "dogmas": {
        "effect1": [
          "Return -1"
        ],
        "effect2": [
          "Draw 0"
        ]
      },
      "dogmas_icon": "Leaf",
      "icons": [
        "Pattern",
        "Leaf",
        "Leaf",
        "Leaf"
      ],
      "color": "Blue"
    },
    {
      "title": "Industrialism",
      "description": "You can score a card in your hand.",
      "value": 0,
      "dogmas": {
        "effect1": [
          "Return -1",
          "Draw 0"
        ],
        "effect2": []
      },
      "dogmas_icon": "Leaf",
      "icons": [
        "Pattern",
        "Leaf",
        "Leaf",
        "Leaf"
      ],
      "color": "Yellow"
    },
    {
      "title": "Tools2",
      "description": "You can draw a card from Era 1 and score card from your hand.",
      "value": 0,
      "dogmas": {
        "effect1": [
          "Draw 0",
          "Return -1"
        ],
        "effect2": []
      },
      "dogmas_icon": "Lightbulb",
      "icons": [
        "Pattern",
        "Lightbulb",
        "Lightbulb",
        "Castle"
      ],
      "color": "Blue"
    }
  ]
}